{
 "ABtype_fractions": {
  "IGHA": 0.0002808988764044944, 
  "IGHD": 0.0014044943820224719, 
  "IGHE": 0.0002808988764044944, 
  "IGHG": 0.9921348314606742, 
  "IGHM": 0.005898876404494382
 }, 
 "ABtype_unique": {
  "IGHA": 0.00546448087431694, 
  "IGHD": 0.01092896174863388, 
  "IGHE": 0.00546448087431694, 
  "IGHG": 0.9398907103825137, 
  "IGHM": 0.03825136612021858
 }, 
 "VJ_fractions": {
  "IGHV1-2_IGHJ5": 0.0014044943820224719, 
  "IGHV1-2_IGHJ6": 0.0008426966292134832, 
  "IGHV1-3_IGHJ4": 0.0011235955056179776, 
  "IGHV1-69_IGHJ4": 0.0008426966292134832, 
  "IGHV1-69_IGHJ5": 0.0002808988764044944, 
  "IGHV1-69_IGHJ6": 0.037640449438202245, 
  "IGHV3-11_IGHJ1": 0.0002808988764044944, 
  "IGHV3-11_IGHJ3": 0.3112359550561798, 
  "IGHV3-15_IGHJ5": 0.048314606741573035, 
  "IGHV3-20_IGHJ4": 0.0033707865168539327, 
  "IGHV3-21_IGHJ4": 0.23258426966292134, 
  "IGHV3-21_IGHJ5": 0.0011235955056179776, 
  "IGHV3-23_IGHJ1": 0.0002808988764044944, 
  "IGHV3-23_IGHJ4": 0.0002808988764044944, 
  "IGHV3-30%33rn_IGHJ1": 0.0002808988764044944, 
  "IGHV3-30%33rn_IGHJ4": 0.1904494382022472, 
  "IGHV3-30%33rn_IGHJ5": 0.015168539325842697, 
  "IGHV3-30%33rn_IGHJ6": 0.0016853932584269663, 
  "IGHV3-48_IGHJ6": 0.0002808988764044944, 
  "IGHV3-53%66_IGHJ4": 0.0002808988764044944, 
  "IGHV3-64_IGHJ3": 0.0002808988764044944, 
  "IGHV3-72_IGHJ3": 0.0008426966292134832, 
  "IGHV3-74_IGHJ5": 0.0002808988764044944, 
  "IGHV3-7_IGHJ3": 0.0002808988764044944, 
  "IGHV3-7_IGHJ6": 0.031179775280898877, 
  "IGHV3-9_IGHJ6": 0.10112359550561797, 
  "IGHV3-9_mIGHJ1": 0.0002808988764044944, 
  "IGHV3-h_IGHJ3": 0.0002808988764044944, 
  "IGHV4-30-2_IGHJ5": 0.0002808988764044944, 
  "IGHV4-30-4%31_IGHJ1": 0.0044943820224719105, 
  "IGHV4-30-4%31_IGHJ4": 0.0002808988764044944, 
  "IGHV4-30-4%31_IGHJ5": 0.006741573033707865, 
  "IGHV4-4_IGHJ4": 0.004213483146067416, 
  "IGHV4-59%61_IGHJ4": 0.0002808988764044944, 
  "IGHV5-51_IGHJ3": 0.0002808988764044944, 
  "IGHV5-51_IGHJ4": 0.0005617977528089888, 
  "IGHV5-51_IGHJ5": 0.0002808988764044944, 
  "IGHV6-1_IGHJ5": 0.0002808988764044944
 }, 
 "VJ_freqs": {
  "IGHV1-2_IGHJ5": 5, 
  "IGHV1-2_IGHJ6": 3, 
  "IGHV1-3_IGHJ4": 4, 
  "IGHV1-69_IGHJ4": 3, 
  "IGHV1-69_IGHJ5": 1, 
  "IGHV1-69_IGHJ6": 134, 
  "IGHV3-11_IGHJ1": 1, 
  "IGHV3-11_IGHJ3": 1108, 
  "IGHV3-15_IGHJ5": 172, 
  "IGHV3-20_IGHJ4": 12, 
  "IGHV3-21_IGHJ4": 828, 
  "IGHV3-21_IGHJ5": 4, 
  "IGHV3-23_IGHJ1": 1, 
  "IGHV3-23_IGHJ4": 1, 
  "IGHV3-30%33rn_IGHJ1": 1, 
  "IGHV3-30%33rn_IGHJ4": 678, 
  "IGHV3-30%33rn_IGHJ5": 54, 
  "IGHV3-30%33rn_IGHJ6": 6, 
  "IGHV3-48_IGHJ6": 1, 
  "IGHV3-53%66_IGHJ4": 1, 
  "IGHV3-64_IGHJ3": 1, 
  "IGHV3-72_IGHJ3": 3, 
  "IGHV3-74_IGHJ5": 1, 
  "IGHV3-7_IGHJ3": 1, 
  "IGHV3-7_IGHJ6": 111, 
  "IGHV3-9_IGHJ6": 360, 
  "IGHV3-9_mIGHJ1": 1, 
  "IGHV3-h_IGHJ3": 1, 
  "IGHV4-30-2_IGHJ5": 1, 
  "IGHV4-30-4%31_IGHJ1": 16, 
  "IGHV4-30-4%31_IGHJ4": 1, 
  "IGHV4-30-4%31_IGHJ5": 24, 
  "IGHV4-4_IGHJ4": 15, 
  "IGHV4-59%61_IGHJ4": 1, 
  "IGHV5-51_IGHJ3": 1, 
  "IGHV5-51_IGHJ4": 2, 
  "IGHV5-51_IGHJ5": 1, 
  "IGHV6-1_IGHJ5": 1
 }, 
 "clone_distribution": [
  0.302247191011236, 
  0.225561797752809, 
  0.18202247191011237, 
  0.09578651685393258, 
  0.04466292134831461, 
  0.035674157303370785, 
  0.029213483146067417, 
  0.014606741573033709, 
  0.006741573033707865, 
  0.004213483146067416, 
  0.003651685393258427, 
  0.0028089887640449437, 
  0.0022471910112359553, 
  0.0014044943820224719, 
  0.0011235955056179776, 
  0.0008426966292134832, 
  0.0005617977528089888, 
  0.0002808988764044944, 
  0.0002808988764044944, 
  0.0002808988764044944, 
  0.0002808988764044944, 
  0.0002808988764044944, 
  0.0002808988764044944, 
  0.0002808988764044944, 
  0.0002808988764044944, 
  0.0002808988764044944, 
  0.0002808988764044944, 
  0.0002808988764044944, 
  0.0002808988764044944, 
  0.0002808988764044944, 
  0.0002808988764044944, 
  0.0002808988764044944, 
  0.0002808988764044944, 
  0.0002808988764044944, 
  0.0002808988764044944, 
  0.0002808988764044944, 
  0.0002808988764044944, 
  0.0002808988764044944, 
  0.0002808988764044944, 
  0.0002808988764044944, 
  0.0002808988764044944, 
  0.0002808988764044944, 
  0.0002808988764044944, 
  0.0002808988764044944, 
  0.0002808988764044944, 
  0.0002808988764044944, 
  0.0002808988764044944, 
  0.0002808988764044944, 
  0.0002808988764044944, 
  0.0002808988764044944, 
  0.0002808988764044944, 
  0.0002808988764044944, 
  0.0002808988764044944, 
  0.0002808988764044944, 
  0.0002808988764044944, 
  0.0002808988764044944, 
  0.0002808988764044944, 
  0.0002808988764044944, 
  0.0002808988764044944, 
  0.0002808988764044944, 
  0.0002808988764044944, 
  0.0002808988764044944, 
  0.0002808988764044944, 
  0.0002808988764044944, 
  0.0002808988764044944, 
  0.0002808988764044944, 
  0.0002808988764044944, 
  0.0002808988764044944, 
  0.0002808988764044944, 
  0.0002808988764044944, 
  0.0002808988764044944, 
  0.0002808988764044944, 
  0.0002808988764044944, 
  0.0002808988764044944, 
  0.0002808988764044944, 
  0.0002808988764044944, 
  0.0002808988764044944, 
  0.0002808988764044944, 
  0.0002808988764044944, 
  0.0002808988764044944, 
  0.0002808988764044944, 
  0.0002808988764044944, 
  0.0002808988764044944, 
  0.0002808988764044944, 
  0.0002808988764044944, 
  0.0002808988764044944, 
  0.0002808988764044944, 
  0.0002808988764044944, 
  0.0002808988764044944, 
  0.0002808988764044944, 
  0.0002808988764044944, 
  0.0002808988764044944, 
  0.0002808988764044944, 
  0.0002808988764044944, 
  0.0002808988764044944, 
  0.0002808988764044944, 
  0.0002808988764044944, 
  0.0002808988764044944, 
  0.0002808988764044944, 
  0.02359550561797753
 ], 
 "median_sh": {
  "IGHA": 22.0, 
  "IGHD": 31.0, 
  "IGHE": 10.0, 
  "IGHG": 18.0, 
  "IGHM": 11.0, 
  "all": 18.0
 }, 
 "num_Reads": 3560, 
 "num_clones": 183, 
 "sh_dict": {
  "IGHA": [
   22
  ], 
  "IGHD": [
   31, 
   31
  ], 
  "IGHE": [
   10
  ], 
  "IGHG": [
   30, 
   17, 
   9, 
   10, 
   21, 
   27, 
   11, 
   22, 
   18, 
   15, 
   9, 
   18, 
   26, 
   15, 
   17, 
   17, 
   17, 
   17, 
   17, 
   17, 
   17, 
   17, 
   17, 
   17, 
   17, 
   17, 
   17, 
   17, 
   17, 
   25, 
   35, 
   17, 
   17, 
   17, 
   17, 
   17, 
   17, 
   17, 
   17, 
   7, 
   9, 
   18, 
   18, 
   18, 
   18, 
   7, 
   17, 
   10, 
   10, 
   10, 
   10, 
   10, 
   20, 
   10, 
   10, 
   10, 
   10, 
   10, 
   19, 
   10, 
   10, 
   10, 
   13, 
   10, 
   10, 
   16, 
   27, 
   22, 
   19, 
   18, 
   34, 
   34, 
   10, 
   30, 
   35, 
   30, 
   30, 
   30, 
   30, 
   30, 
   30, 
   30, 
   30, 
   30, 
   30, 
   30, 
   17, 
   30, 
   33, 
   30, 
   30, 
   30, 
   30, 
   30, 
   30, 
   30, 
   30, 
   30, 
   30, 
   30, 
   30, 
   30, 
   30, 
   28, 
   30, 
   29, 
   27, 
   27, 
   27, 
   27, 
   15, 
   22, 
   29, 
   25, 
   20, 
   10, 
   9, 
   9, 
   9, 
   21, 
   9, 
   9, 
   9, 
   9, 
   9, 
   9, 
   9, 
   9, 
   9, 
   9, 
   9, 
   9, 
   9, 
   19, 
   9, 
   9, 
   9, 
   19, 
   31, 
   21, 
   21, 
   21, 
   21, 
   21, 
   21, 
   21, 
   21, 
   21, 
   21, 
   21, 
   21, 
   28, 
   21, 
   19, 
   19, 
   23, 
   32, 
   21, 
   16, 
   15, 
   19, 
   15, 
   15, 
   5, 
   20, 
   11, 
   11, 
   11, 
   11, 
   11, 
   22, 
   26
  ], 
  "IGHM": [
   11, 
   18, 
   21, 
   3, 
   1, 
   17, 
   2
  ],